Unnamed: 0,Unnamed: 1,Unnamed: 2,Unnamed: 3,Unnamed: 4,Unnamed: 5,Unnamed: 6,Unnamed: 7
,,Atta Projects,,,,,
,,Base Plan,Yatra,Sunshine,,Base Plan,Namak
,Conversion Charges,2526089.2973382864,1056436.4791096067,235533.900257371,,6380595.771560086,512213.87121366867
,Packing Material,2201759.021416857,920798.2278711757,205293.17403291972,,13002087.459037453,1043766.0979773839
,Raw Material,31623658.10444976,13225338.49442019,2948606.583937875,,12008344.210432947,963991.5605229127
,Scrap Recovery,-702787.4014882243,-293912.9067104323,-65528.26849734958,,0,0
,Storage and Interest Cost,1897418.0411667502,793519.7053094562,176916.2602943633,,652422.9849188578,52374.43567003407
,,,,,,,
,Total cost ,37546137.06288344,15702179.999999998,3500821.65002518,,32043450.425949346,2572345.9653839995
